004.1,0
004.8,1
005.1,2
005.81,3
007.4,4
008.45,5
008.5,6
008.69,7
008.8,8
009.0,9
009.1,10
009.2,11
009.3,12
011.36,13
011.90,14
011.93,15
011.94,16
012.05,17
013.54,18
015.04,19
018.03,20
018.05,21
023.9,22
027.0,23
027.2,24
031.0,25
031.1,26
031.2,27
032.85,28
033.8,29
034.0,30
036.0,31
036.2,32
036.41,33
038.0,34
038.10,35
038.11,36
038.19,37
038.2,38
038.3,39
038.40,40
038.42,41
038.43,42
038.44,43
038.49,44
038.8,45
038.9,46
039.1,47
039.2,48
040.0,49
040.82,50
040.89,51
041.00,52
041.01,53
041.02,54
041.03,55
041.04,56
041.05,57
041.09,58
041.10,59
041.11,60
041.19,61
041.2,62
041.3,63
041.4,64
041.5,65
041.6,66
041.7,67
041.82,68
041.83,69
041.84,70
041.85,71
041.86,72
041.89,73
041.9,74
042,75
046.3,76
047.8,77
047.9,78
048,79
049.8,80
049.9,81
052.0,82
052.1,83
052.7,84
052.9,85
053.0,86
053.12,87
053.13,88
053.19,89
053.20,90
053.29,91
053.79,92
053.9,93
054.10,94
054.2,95
054.3,96
054.5,97
054.71,98
054.72,99
054.79,100
054.9,101
057.9,102
062.2,103
070.0,104
070.1,105
070.20,106
070.22,107
070.30,108
070.31,109
070.32,110
070.41,111
070.44,112
070.51,113
070.52,114
070.54,115
070.59,116
070.70,117
070.71,118
075,119
077.8,120
077.99,121
078.10,122
078.5,123
079.0,124
079.3,125
079.4,126
079.51,127
079.6,128
079.89,129
079.99,130
082.40,131
083.9,132
084.0,133
084.6,134
085.9,135
088.81,136
088.82,137
093.1,138
094.9,139
098.0,140
110.1,141
110.3,142
110.4,143
110.5,144
110.8,145
110.9,146
111.0,147
112.0,148
112.1,149
112.2,150
112.3,151
112.4,152
112.5,153
112.83,154
112.84,155
112.85,156
112.89,157
112.9,158
114.0,159
114.9,160
115.99,161
117.3,162
117.4,163
117.5,164
117.9,165
120.8,166
123.1,167
125.1,168
127.0,169
127.2,170
129,171
130.7,172
130.9,173
131.02,174
133.0,175
135,176
136.3,177
136.9,178
137.0,179
137.3,180
138,181
139.0,182
139.8,183
140.1,184
140.9,185
141.0,186
141.8,187
141.9,188
142.0,189
142.9,190
143.1,191
144.0,192
144.8,193
144.9,194
145.0,195
145.8,196
146.0,197
146.7,198
146.8,199
147.8,200
148.1,201
149.0,202
150.1,203
150.3,204
150.4,205
150.5,206
150.8,207
150.9,208
151.0,209
151.2,210
151.4,211
151.5,212
151.8,213
151.9,214
152.0,215
152.2,216
152.8,217
153.1,218
153.2,219
153.3,220
153.4,221
153.6,222
153.7,223
153.8,224
153.9,225
154.0,226
154.1,227
154.3,228
154.8,229
155.0,230
155.1,231
155.2,232
156.0,233
156.1,234
156.2,235
156.8,236
156.9,237
157.0,238
157.1,239
157.2,240
157.3,241
157.8,242
157.9,243
158.0,244
158.8,245
158.9,246
159.8,247
159.9,248
160.2,249
160.3,250
160.8,251
161.0,252
161.1,253
161.2,254
161.3,255
161.8,256
161.9,257
162.0,258
162.2,259
162.3,260
162.4,261
162.5,262
162.8,263
162.9,264
163.8,265
164.0,266
164.1,267
164.8,268
164.9,269
170.0,270
170.2,271
171.3,272
171.4,273
171.5,274
172.0,275
172.3,276
172.5,277
172.7,278
172.8,279
172.9,280
173.0,281
173.2,282
173.3,283
173.4,284
173.5,285
173.7,286
174.3,287
174.4,288
174.8,289
174.9,290
176.4,291
176.8,292
176.9,293
180.8,294
180.9,295
182.0,296
183.0,297
184.0,298
184.4,299
184.8,300
185,301
186.9,302
187.4,303
188.0,304
188.2,305
188.3,306
188.8,307
188.9,308
189.0,309
189.1,310
189.2,311
191.0,312
191.1,313
191.2,314
191.3,315
191.4,316
191.5,317
191.6,318
191.7,319
191.8,320
191.9,321
192.2,322
193,323
194.0,324
195.0,325
196.0,326
196.1,327
196.2,328
196.3,329
196.5,330
196.6,331
196.8,332
196.9,333
197.0,334
197.1,335
197.2,336
197.3,337
197.4,338
197.5,339
197.6,340
197.7,341
197.8,342
198.0,343
198.1,344
198.2,345
198.3,346
198.4,347
198.5,348
198.6,349
198.7,350
198.81,351
198.82,352
198.89,353
199.0,354
199.1,355
200.00,356
200.02,357
200.05,358
200.10,359
200.11,360
200.20,361
200.21,362
200.22,363
200.28,364
200.71,365
200.80,366
201.50,367
201.58,368
201.90,369
201.92,370
201.98,371
202.00,372
202.08,373
202.10,374
202.11,375
202.12,376
202.13,377
202.18,378
202.20,379
202.40,380
202.70,381
202.80,382
202.81,383
202.83,384
202.85,385
202.87,386
202.88,387
202.90,388
203.00,389
203.01,390
203.10,391
203.80,392
204.00,393
204.01,394
204.10,395
204.11,396
205.00,397
205.01,398
205.10,399
205.30,400
205.90,401
208.00,402
208.90,403
208.91,404
210.1,405
211.0,406
211.1,407
211.2,408
211.3,409
211.4,410
211.5,411
211.6,412
211.9,413
212.1,414
212.2,415
212.3,416
212.6,417
212.7,418
213.2,419
214.1,420
214.2,421
214.3,422
214.8,423
214.9,424
215.4,425
216.4,426
216.5,427
216.6,428
217,429
218.0,430
218.1,431
218.2,432
218.9,433
220,434
223.0,435
225.0,436
225.1,437
225.2,438
225.4,439
227.0,440
227.1,441
227.3,442
228.01,443
228.02,444
228.04,445
228.09,446
228.1,447
229.8,448
230.1,449
230.2,450
230.9,451
233.0,452
233.3,453
233.7,454
235.3,455
235.6,456
235.7,457
236.0,458
236.91,459
237.1,460
237.3,461
237.5,462
237.6,463
237.70,464
237.71,465
238.0,466
238.1,467
238.2,468
238.4,469
238.6,470
238.7,471
238.71,472
238.75,473
238.76,474
238.79,475
238.8,476
239.0,477
239.1,478
239.2,479
239.4,480
239.6,481
239.7,482
240.9,483
241.0,484
241.1,485
241.9,486
242.00,487
242.01,488
242.10,489
242.20,490
242.80,491
242.81,492
242.90,493
242.91,494
243,495
244.0,496
244.1,497
244.2,498
244.3,499
244.8,500
244.9,501
245.2,502
245.4,503
245.9,504
246.2,505
246.9,506
250.00,507
250.01,508
250.02,509
250.03,510
250.10,511
250.11,512
250.12,513
250.13,514
250.20,515
250.21,516
250.22,517
250.23,518
250.30,519
250.31,520
250.32,521
250.33,522
250.40,523
250.41,524
250.42,525
250.43,526
250.50,527
250.51,528
250.52,529
250.53,530
250.60,531
250.61,532
250.62,533
250.63,534
250.70,535
250.71,536
250.72,537
250.73,538
250.80,539
250.81,540
250.82,541
250.83,542
250.90,543
250.92,544
250.93,545
251.1,546
251.2,547
251.3,548
251.5,549
251.8,550
252.0,551
252.00,552
252.01,553
252.08,554
252.1,555
253.0,556
253.2,557
253.5,558
253.6,559
253.7,560
253.8,561
253.9,562
255.0,563
255.10,564
255.3,565
255.4,566
255.41,567
255.5,568
255.8,569
255.9,570
256.1,571
256.4,572
257.2,573
258.8,574
258.9,575
259.4,576
259.9,577
260,578
261,579
262,580
263.0,581
263.1,582
263.8,583
263.9,584
265.1,585
265.2,586
266.2,587
268.2,588
268.9,589
269.0,590
270.0,591
270.4,592
270.6,593
271.0,594
271.3,595
271.8,596
272.0,597
272.1,598
272.2,599
272.4,600
272.6,601
272.8,602
272.9,603
273.0,604
273.1,605
273.2,606
273.3,607
273.4,608
273.8,609
273.9,610
274.0,611
274.82,612
274.9,613
275.0,614
275.1,615
275.2,616
275.3,617
275.40,618
275.41,619
275.42,620
275.49,621
275.8,622
276.0,623
276.1,624
276.2,625
276.3,626
276.4,627
276.5,628
276.50,629
276.51,630
276.52,631
276.6,632
276.7,633
276.8,634
276.9,635
277.00,636
277.1,637
277.3,638
277.30,639
277.39,640
277.4,641
277.7,642
277.8,643
277.87,644
277.89,645
277.9,646
278.00,647
278.01,648
278.1,649
278.8,650
279.00,651
279.01,652
279.03,653
279.06,654
279.4,655
279.8,656
279.9,657
280.0,658
280.8,659
280.9,660
281.0,661
281.1,662
281.2,663
281.9,664
282.1,665
282.2,666
282.4,667
282.49,668
282.5,669
282.60,670
282.62,671
282.9,672
283.0,673
283.11,674
283.19,675
283.2,676
283.9,677
284.0,678
284.1,679
284.8,680
284.89,681
284.9,682
285.1,683
285.21,684
285.22,685
285.29,686
285.8,687
285.9,688
286.0,689
286.1,690
286.2,691
286.3,692
286.4,693
286.5,694
286.6,695
286.7,696
286.9,697
287.0,698
287.1,699
287.2,700
287.3,701
287.30,702
287.31,703
287.4,704
287.5,705
288.0,706
288.00,707
288.01,708
288.02,709
288.03,710
288.04,711
288.09,712
288.3,713
288.4,714
288.50,715
288.60,716
288.61,717
288.62,718
288.8,719
289.0,720
289.1,721
289.3,722
289.4,723
289.51,724
289.52,725
289.59,726
289.7,727
289.8,728
289.81,729
289.82,730
289.83,731
289.89,732
289.9,733
290.0,734
290.10,735
290.12,736
290.3,737
290.40,738
290.41,739
291.0,740
291.1,741
291.2,742
291.3,743
291.81,744
292.0,745
292.11,746
292.12,747
292.81,748
292.89,749
292.9,750
293.0,751
293.1,752
293.83,753
293.84,754
293.9,755
294.10,756
294.11,757
294.8,758
294.9,759
295.20,760
295.30,761
295.32,762
295.60,763
295.62,764
295.70,765
295.72,766
295.73,767
295.74,768
295.80,769
295.90,770
295.92,771
296.00,772
296.20,773
296.23,774
296.24,775
296.30,776
296.33,777
296.34,778
296.40,779
296.50,780
296.7,781
296.80,782
296.81,783
296.89,784
296.90,785
297.1,786
297.9,787
298.9,788
299.00,789
299.80,790
300.00,791
300.01,792
300.02,793
300.09,794
300.11,795
300.12,796
300.14,797
300.15,798
300.16,799
300.21,800
300.22,801
300.29,802
300.3,803
300.4,804
300.7,805
300.9,806
301.0,807
301.20,808
301.4,809
301.7,810
301.81,811
301.83,812
301.9,813
303.00,814
303.01,815
303.02,816
303.03,817
303.90,818
303.91,819
303.92,820
303.93,821
304.00,822
304.01,823
304.03,824
304.10,825
304.11,826
304.20,827
304.21,828
304.22,829
304.23,830
304.30,831
304.31,832
304.40,833
304.41,834
304.60,835
304.61,836
304.70,837
304.71,838
304.73,839
304.80,840
304.90,841
304.91,842
305.00,843
305.01,844
305.02,845
305.03,846
305.1,847
305.20,848
305.21,849
305.22,850
305.23,851
305.30,852
305.40,853
305.41,854
305.50,855
305.51,856
305.53,857
305.60,858
305.61,859
305.62,860
305.63,861
305.70,862
305.71,863
305.80,864
305.90,865
305.91,866
305.93,867
306.1,868
306.2,869
307.1,870
307.23,871
307.50,872
307.51,873
307.6,874
307.81,875
307.9,876
308.2,877
308.3,878
309.0,879
309.24,880
309.28,881
309.81,882
309.89,883
309.9,884
310.0,885
310.1,886
310.2,887
310.9,888
311,889
314.00,890
314.01,891
315.8,892
315.9,893
317,894
318.0,895
318.1,896
319,897
320.1,898
320.2,899
320.3,900
320.7,901
320.82,902
320.89,903
320.9,904
321.0,905
322.0,906
322.2,907
322.9,908
323.62,909
323.8,910
323.9,911
324.0,912
324.1,913
324.9,914
325,915
326,916
327.21,917
327.23,918
327.26,919
327.27,920
331.0,921
331.19,922
331.3,923
331.4,924
331.5,925
331.82,926
331.83,927
331.89,928
331.9,929
332.0,930
332.1,931
333.0,932
333.1,933
333.2,934
333.6,935
333.7,936
333.72,937
333.82,938
333.85,939
333.91,940
333.92,941
333.94,942
333.99,943
334.0,944
334.1,945
334.8,946
334.9,947
335.20,948
335.22,949
335.23,950
336.1,951
336.3,952
336.8,953
336.9,954
337.0,955
337.1,956
337.20,957
337.22,958
337.29,959
337.3,960
337.9,961
338.0,962
338.11,963
338.12,964
338.18,965
338.19,966
338.28,967
338.29,968
338.3,969
338.4,970
340,971
341.8,972
341.9,973
342.00,974
342.01,975
342.02,976
342.10,977
342.80,978
342.82,979
342.90,980
342.91,981
342.92,982
343.1,983
343.2,984
343.8,985
343.9,986
344.00,987
344.01,988
344.02,989
344.03,990
344.04,991
344.09,992
344.1,993
344.30,994
344.40,995
344.60,996
344.61,997
344.81,998
344.89,999
344.9,1000
345.00,1001
345.01,1002
345.10,1003
345.11,1004
345.3,1005
345.40,1006
345.41,1007
345.50,1008
345.51,1009
345.70,1010
345.71,1011
345.80,1012
345.90,1013
345.91,1014
346.20,1015
346.80,1016
346.90,1017
347,1018
347.00,1019
348.0,1020
348.1,1021
348.2,1022
348.3,1023
348.30,1024
348.31,1025
348.39,1026
348.4,1027
348.5,1028
348.8,1029
348.9,1030
349.0,1031
349.1,1032
349.2,1033
349.81,1034
349.82,1035
350.1,1036
351.0,1037
351.8,1038
351.9,1039
352.2,1040
352.6,1041
353.0,1042
353.6,1043
354.0,1044
354.2,1045
354.3,1046
354.5,1047
354.9,1048
355.1,1049
355.2,1050
355.3,1051
355.6,1052
355.79,1053
355.8,1054
355.9,1055
356.1,1056
356.2,1057
356.8,1058
356.9,1059
357.0,1060
357.2,1061
357.5,1062
357.6,1063
357.7,1064
357.81,1065
357.82,1066
357.89,1067
358.0,1068
358.00,1069
358.01,1070
358.1,1071
358.9,1072
359.0,1073
359.1,1074
359.2,1075
359.21,1076
359.4,1077
359.81,1078
359.89,1079
359.9,1080
360.00,1081
360.01,1082
360.03,1083
360.19,1084
360.43,1085
361.01,1086
361.06,1087
361.89,1088
361.9,1089
362.01,1090
362.02,1091
362.03,1092
362.07,1093
362.10,1094
362.11,1095
362.17,1096
362.21,1097
362.30,1098
362.31,1099
362.34,1100
362.50,1101
362.74,1102
362.81,1103
363.20,1104
363.62,1105
364.00,1106
364.03,1107
364.3,1108
364.41,1109
364.9,1110
365.10,1111
365.22,1112
365.63,1113
365.65,1114
365.9,1115
366.16,1116
366.41,1117
366.9,1118
367.1,1119
367.4,1120
368.16,1121
368.2,1122
368.40,1123
368.41,1124
368.46,1125
368.8,1126
368.9,1127
369.00,1128
369.01,1129
369.3,1130
369.4,1131
369.60,1132
369.8,1133
369.9,1134
370.00,1135
370.05,1136
370.34,1137
370.9,1138
371.40,1139
371.43,1140
372.00,1141
372.30,1142
372.39,1143
372.72,1144
372.73,1145
372.75,1146
373.00,1147
373.11,1148
373.13,1149
374.20,1150
374.30,1151
374.31,1152
374.82,1153
374.9,1154
375.55,1155
375.56,1156
376.01,1157
376.03,1158
376.30,1159
376.32,1160
376.33,1161
376.89,1162
376.9,1163
377.01,1164
377.02,1165
377.16,1166
377.39,1167
377.41,1168
377.49,1169
377.75,1170
378.00,1171
378.10,1172
378.51,1173
378.52,1174
378.54,1175
378.56,1176
378.71,1177
378.81,1178
379.00,1179
379.21,1180
379.23,1181
379.24,1182
379.40,1183
379.41,1184
379.43,1185
379.50,1186
379.56,1187
379.91,1188
379.93,1189
380.10,1190
380.22,1191
380.23,1192
380.4,1193
382.00,1194
382.01,1195
382.02,1196
382.9,1197
383.00,1198
383.1,1199
383.9,1200
384.01,1201
384.20,1202
385.89,1203
386.00,1204
386.10,1205
386.11,1206
386.30,1207
386.9,1208
388.30,1209
388.61,1210
388.69,1211
388.70,1212
388.8,1213
389.00,1214
389.03,1215
389.10,1216
389.12,1217
389.15,1218
389.7,1219
389.8,1220
389.9,1221
391.0,1222
391.1,1223
391.8,1224
394.0,1225
394.1,1226
394.2,1227
394.9,1228
395.0,1229
395.1,1230
395.2,1231
395.9,1232
396.0,1233
396.1,1234
396.2,1235
396.3,1236
396.8,1237
397.0,1238
397.1,1239
398.90,1240
398.91,1241
401.0,1242
401.1,1243
401.9,1244
402.00,1245
402.01,1246
402.90,1247
402.91,1248
403.00,1249
403.01,1250
403.10,1251
403.90,1252
403.91,1253
404.01,1254
404.03,1255
404.90,1256
404.91,1257
404.92,1258
404.93,1259
405.01,1260
405.91,1261
405.99,1262
410.00,1263
410.01,1264
410.02,1265
410.11,1266
410.12,1267
410.20,1268
410.21,1269
410.22,1270
410.31,1271
410.32,1272
410.41,1273
410.42,1274
410.51,1275
410.61,1276
410.71,1277
410.72,1278
410.81,1279
410.82,1280
410.90,1281
410.91,1282
410.92,1283
411.0,1284
411.1,1285
411.81,1286
411.89,1287
412,1288
413.1,1289
413.9,1290
414.00,1291
414.01,1292
414.02,1293
414.03,1294
414.04,1295
414.10,1296
414.11,1297
414.12,1298
414.19,1299
414.2,1300
414.8,1301
414.9,1302
415.0,1303
415.11,1304
415.12,1305
415.19,1306
416.0,1307
416.8,1308
416.9,1309
417.0,1310
417.1,1311
417.8,1312
420.0,1313
420.90,1314
420.91,1315
420.99,1316
421.0,1317
421.9,1318
422.0,1319
422.90,1320
422.91,1321
422.92,1322
423.0,1323
423.1,1324
423.2,1325
423.3,1326
423.8,1327
423.9,1328
424.0,1329
424.1,1330
424.2,1331
424.3,1332
424.90,1333
425.1,1334
425.3,1335
425.4,1336
425.5,1337
425.7,1338
425.8,1339
425.9,1340
426.0,1341
426.10,1342
426.11,1343
426.12,1344
426.13,1345
426.2,1346
426.3,1347
426.4,1348
426.50,1349
426.51,1350
426.52,1351
426.53,1352
426.6,1353
426.7,1354
426.82,1355
426.89,1356
426.9,1357
427.0,1358
427.1,1359
427.2,1360
427.31,1361
427.32,1362
427.41,1363
427.5,1364
427.61,1365
427.69,1366
427.81,1367
427.89,1368
427.9,1369
428.0,1370
428.1,1371
428.20,1372
428.21,1373
428.22,1374
428.23,1375
428.30,1376
428.31,1377
428.32,1378
428.33,1379
428.40,1380
428.41,1381
428.42,1382
428.43,1383
428.9,1384
429.0,1385
429.1,1386
429.2,1387
429.3,1388
429.4,1389
429.5,1390
429.6,1391
429.71,1392
429.79,1393
429.83,1394
429.89,1395
429.9,1396
430,1397
431,1398
432.1,1399
432.9,1400
433.00,1401
433.01,1402
433.10,1403
433.11,1404
433.20,1405
433.21,1406
433.30,1407
433.31,1408
433.80,1409
433.81,1410
434.00,1411
434.01,1412
434.10,1413
434.11,1414
434.90,1415
434.91,1416
435.0,1417
435.1,1418
435.2,1419
435.3,1420
435.8,1421
435.9,1422
436,1423
437.0,1424
437.1,1425
437.2,1426
437.3,1427
437.4,1428
437.5,1429
437.6,1430
437.7,1431
437.8,1432
437.9,1433
438.0,1434
438.10,1435
438.11,1436
438.12,1437
438.19,1438
438.20,1439
438.21,1440
438.22,1441
438.30,1442
438.31,1443
438.40,1444
438.50,1445
438.52,1446
438.53,1447
438.6,1448
438.7,1449
438.82,1450
438.83,1451
438.84,1452
438.85,1453
438.89,1454
438.9,1455
440.0,1456
440.1,1457
440.20,1458
440.21,1459
440.22,1460
440.23,1461
440.24,1462
440.29,1463
440.30,1464
440.31,1465
440.32,1466
440.4,1467
440.8,1468
440.9,1469
441.00,1470
441.01,1471
441.02,1472
441.03,1473
441.1,1474
441.2,1475
441.3,1476
441.4,1477
441.6,1478
441.7,1479
441.9,1480
442.0,1481
442.1,1482
442.2,1483
442.3,1484
442.81,1485
442.82,1486
442.83,1487
442.84,1488
442.89,1489
443.0,1490
443.21,1491
443.22,1492
443.23,1493
443.24,1494
443.29,1495
443.81,1496
443.89,1497
443.9,1498
444.0,1499
444.1,1500
444.21,1501
444.22,1502
444.81,1503
444.89,1504
444.9,1505
445.02,1506
445.89,1507
446.0,1508
446.29,1509
446.4,1510
446.5,1511
446.6,1512
447.0,1513
447.1,1514
447.2,1515
447.3,1516
447.4,1517
447.6,1518
447.8,1519
447.9,1520
448.0,1521
448.9,1522
449,1523
451.0,1524
451.11,1525
451.19,1526
451.82,1527
451.83,1528
451.84,1529
451.89,1530
451.9,1531
452,1532
453.0,1533
453.1,1534
453.2,1535
453.3,1536
453.40,1537
453.41,1538
453.42,1539
453.8,1540
453.9,1541
454.0,1542
454.1,1543
454.2,1544
454.8,1545
454.9,1546
455.0,1547
455.1,1548
455.2,1549
455.3,1550
455.4,1551
455.5,1552
455.6,1553
455.8,1554
456.0,1555
456.1,1556
456.20,1557
456.21,1558
456.8,1559
457.0,1560
457.1,1561
457.8,1562
458.0,1563
458.1,1564
458.2,1565
458.21,1566
458.29,1567
458.8,1568
458.9,1569
459.0,1570
459.2,1571
459.81,1572
459.89,1573
459.9,1574
460,1575
461.0,1576
461.1,1577
461.2,1578
461.3,1579
461.8,1580
461.9,1581
462,1582
464.10,1583
464.11,1584
464.30,1585
464.31,1586
464.51,1587
465.9,1588
466.0,1589
466.11,1590
466.19,1591
472.0,1592
473.0,1593
473.1,1594
473.2,1595
473.3,1596
473.8,1597
473.9,1598
474.11,1599
474.8,1600
477.9,1601
478.1,1602
478.19,1603
478.20,1604
478.22,1605
478.24,1606
478.25,1607
478.29,1608
478.30,1609
478.31,1610
478.32,1611
478.33,1612
478.34,1613
478.4,1614
478.5,1615
478.6,1616
478.70,1617
478.74,1618
478.75,1619
480.1,1620
480.8,1621
480.9,1622
481,1623
482.0,1624
482.1,1625
482.2,1626
482.30,1627
482.31,1628
482.32,1629
482.39,1630
482.40,1631
482.41,1632
482.49,1633
482.82,1634
482.83,1635
482.84,1636
482.89,1637
482.9,1638
483.0,1639
483.8,1640
484.1,1641
484.3,1642
484.6,1643
484.7,1644
485,1645
486,1646
487.0,1647
487.1,1648
490,1649
491.20,1650
491.21,1651
491.22,1652
491.8,1653
491.9,1654
492.0,1655
492.8,1656
493.20,1657
493.21,1658
493.22,1659
493.81,1660
493.90,1661
493.91,1662
493.92,1663
494.0,1664
494.1,1665
495.9,1666
496,1667
500,1668
501,1669
502,1670
506.0,1671
507.0,1672
507.1,1673
507.8,1674
508.0,1675
508.1,1676
508.8,1677
510.0,1678
510.9,1679
511.0,1680
511.1,1681
511.8,1682
511.9,1683
512.0,1684
512.1,1685
512.8,1686
513.0,1687
513.1,1688
514,1689
515,1690
516.0,1691
516.1,1692
516.3,1693
516.8,1694
516.9,1695
517.3,1696
517.8,1697
518.0,1698
518.1,1699
518.3,1700
518.4,1701
518.5,1702
518.81,1703
518.82,1704
518.83,1705
518.84,1706
518.89,1707
519.00,1708
519.01,1709
519.02,1710
519.09,1711
519.1,1712
519.19,1713
519.2,1714
519.3,1715
519.4,1716
519.8,1717
520.6,1718
521.00,1719
521.01,1720
521.09,1721
521.9,1722
522.4,1723
522.5,1724
523.3,1725
523.30,1726
523.33,1727
523.40,1728
523.8,1729
523.9,1730
524.10,1731
524.60,1732
524.69,1733
525.10,1734
525.11,1735
525.3,1736
525.50,1737
525.8,1738
525.9,1739
526.4,1740
526.89,1741
527.2,1742
527.5,1743
527.7,1744
528.0,1745
528.00,1746
528.01,1747
528.09,1748
528.2,1749
528.3,1750
528.5,1751
528.9,1752
529.0,1753
529.8,1754
530.0,1755
530.10,1756
530.11,1757
530.12,1758
530.19,1759
530.2,1760
530.20,1761
530.21,1762
530.3,1763
530.4,1764
530.5,1765
530.6,1766
530.7,1767
530.81,1768
530.82,1769
530.84,1770
530.85,1771
530.87,1772
530.89,1773
530.9,1774
531.00,1775
531.10,1776
531.11,1777
531.40,1778
531.50,1779
531.70,1780
531.90,1781
532.00,1782
532.10,1783
532.20,1784
532.30,1785
532.40,1786
532.50,1787
532.51,1788
532.60,1789
532.70,1790
532.90,1791
533.00,1792
533.40,1793
533.70,1794
533.90,1795
534.00,1796
534.40,1797
534.50,1798
534.90,1799
535.00,1800
535.01,1801
535.10,1802
535.11,1803
535.20,1804
535.30,1805
535.31,1806
535.40,1807
535.41,1808
535.50,1809
535.51,1810
535.60,1811
535.61,1812
536.1,1813
536.2,1814
536.3,1815
536.41,1816
536.42,1817
536.49,1818
536.8,1819
537.0,1820
537.3,1821
537.4,1822
537.82,1823
537.83,1824
537.84,1825
537.89,1826
537.9,1827
540.0,1828
540.1,1829
540.9,1830
541,1831
543.9,1832
550.10,1833
550.12,1834
550.90,1835
550.91,1836
550.92,1837
551.20,1838
551.29,1839
551.3,1840
552.00,1841
552.1,1842
552.20,1843
552.21,1844
552.29,1845
552.3,1846
552.8,1847
552.9,1848
553.1,1849
553.20,1850
553.21,1851
553.29,1852
553.3,1853
553.8,1854
553.9,1855
555.0,1856
555.1,1857
555.2,1858
555.9,1859
556.0,1860
556.1,1861
556.2,1862
556.3,1863
556.4,1864
556.6,1865
556.8,1866
556.9,1867
557.0,1868
557.1,1869
557.9,1870
558.1,1871
558.2,1872
558.3,1873
558.9,1874
560.0,1875
560.1,1876
560.2,1877
560.30,1878
560.39,1879
560.81,1880
560.89,1881
560.9,1882
562.00,1883
562.01,1884
562.02,1885
562.10,1886
562.11,1887
562.12,1888
562.13,1889
564.0,1890
564.00,1891
564.01,1892
564.09,1893
564.1,1894
564.7,1895
564.81,1896
564.89,1897
565.0,1898
565.1,1899
566,1900
567.0,1901
567.2,1902
567.21,1903
567.22,1904
567.23,1905
567.29,1906
567.31,1907
567.38,1908
567.8,1909
567.81,1910
567.82,1911
567.89,1912
567.9,1913
568.0,1914
568.81,1915
568.82,1916
568.89,1917
569.0,1918
569.1,1919
569.2,1920
569.3,1921
569.41,1922
569.42,1923
569.49,1924
569.5,1925
569.61,1926
569.62,1927
569.69,1928
569.81,1929
569.82,1930
569.83,1931
569.84,1932
569.85,1933
569.86,1934
569.89,1935
570,1936
571.0,1937
571.1,1938
571.2,1939
571.3,1940
571.40,1941
571.49,1942
571.5,1943
571.6,1944
571.8,1945
571.9,1946
572.0,1947
572.1,1948
572.2,1949
572.3,1950
572.4,1951
572.8,1952
573.0,1953
573.3,1954
573.4,1955
573.8,1956
573.9,1957
574.00,1958
574.01,1959
574.10,1960
574.11,1961
574.20,1962
574.21,1963
574.30,1964
574.31,1965
574.40,1966
574.41,1967
574.50,1968
574.51,1969
574.60,1970
574.61,1971
574.71,1972
574.80,1973
574.81,1974
574.90,1975
574.91,1976
575.0,1977
575.10,1978
575.11,1979
575.12,1980
575.3,1981
575.4,1982
575.6,1983
575.8,1984
575.9,1985
576.1,1986
576.2,1987
576.3,1988
576.4,1989
576.8,1990
577.0,1991
577.1,1992
577.2,1993
577.8,1994
577.9,1995
578.0,1996
578.1,1997
578.9,1998
579.0,1999
579.3,2000
579.8,2001
579.9,2002
580.0,2003
580.81,2004
580.89,2005
580.9,2006
581.2,2007
581.81,2008
581.9,2009
582.0,2010
582.1,2011
582.2,2012
582.81,2013
582.89,2014
582.9,2015
583.0,2016
583.1,2017
583.81,2018
583.89,2019
583.9,2020
584.5,2021
584.6,2022
584.8,2023
584.9,2024
585,2025
585.2,2026
585.3,2027
585.4,2028
585.5,2029
585.6,2030
585.9,2031
586,2032
588.0,2033
588.1,2034
588.8,2035
588.81,2036
588.89,2037
590.00,2038
590.10,2039
590.11,2040
590.2,2041
590.80,2042
590.9,2043
591,2044
592.0,2045
592.1,2046
592.9,2047
593.2,2048
593.3,2049
593.4,2050
593.5,2051
593.81,2052
593.82,2053
593.89,2054
593.9,2055
594.0,2056
594.1,2057
594.9,2058
595.0,2059
595.1,2060
595.2,2061
595.81,2062
595.82,2063
595.9,2064
596.0,2065
596.1,2066
596.3,2067
596.4,2068
596.51,2069
596.54,2070
596.55,2071
596.59,2072
596.6,2073
596.7,2074
596.8,2075
596.9,2076
597.80,2077
597.89,2078
598.2,2079
598.8,2080
598.9,2081
599.0,2082
599.4,2083
599.6,2084
599.60,2085
599.69,2086
599.7,2087
599.84,2088
600.0,2089
600.00,2090
600.01,2091
600.10,2092
600.2,2093
600.9,2094
600.90,2095
600.91,2096
601.0,2097
601.1,2098
601.9,2099
602.3,2100
603.1,2101
603.8,2102
603.9,2103
604.90,2104
604.99,2105
605,2106
607.1,2107
607.3,2108
607.82,2109
607.83,2110
607.84,2111
607.89,2112
608.0,2113
608.4,2114
608.83,2115
608.86,2116
608.89,2117
608.9,2118
611.0,2119
611.1,2120
611.6,2121
611.71,2122
611.72,2123
611.8,2124
614.0,2125
614.1,2126
614.2,2127
614.3,2128
614.4,2129
614.6,2130
614.9,2131
615.0,2132
615.1,2133
615.9,2134
616.10,2135
616.2,2136
616.4,2137
616.50,2138
617.0,2139
617.1,2140
617.9,2141
618.0,2142
618.1,2143
618.2,2144
618.3,2145
618.4,2146
618.5,2147
618.8,2148
619.0,2149
619.1,2150
620.0,2151
620.2,2152
620.5,2153
620.8,2154
620.9,2155
621.0,2156
621.3,2157
621.30,2158
622.1,2159
622.10,2160
623.5,2161
623.8,2162
625.6,2163
625.8,2164
625.9,2165
626.2,2166
626.6,2167
626.8,2168
627.0,2169
627.1,2170
627.3,2171
632,2172
633.20,2173
633.80,2174
634.01,2175
634.11,2176
634.51,2177
634.91,2178
635.02,2179
635.12,2180
635.22,2181
635.72,2182
635.92,2183
639.1,2184
639.2,2185
639.6,2186
639.8,2187
641.11,2188
641.21,2189
641.31,2190
642.01,2191
642.03,2192
642.04,2193
642.24,2194
642.31,2195
642.34,2196
642.41,2197
642.44,2198
642.51,2199
642.54,2200
642.61,2201
642.64,2202
642.71,2203
642.92,2204
642.93,2205
643.03,2206
643.13,2207
644.03,2208
644.21,2209
645.11,2210
646.12,2211
646.21,2212
646.23,2213
646.61,2214
646.63,2215
646.64,2216
646.81,2217
646.82,2218
646.83,2219
647.61,2220
647.81,2221
647.82,2222
647.83,2223
647.84,2224
648.01,2225
648.03,2226
648.04,2227
648.11,2228
648.13,2229
648.14,2230
648.21,2231
648.22,2232
648.23,2233
648.24,2234
648.31,2235
648.33,2236
648.41,2237
648.42,2238
648.43,2239
648.44,2240
648.61,2241
648.63,2242
648.64,2243
648.81,2244
648.83,2245
648.91,2246
648.92,2247
648.93,2248
648.94,2249
649.03,2250
649.31,2251
649.33,2252
649.44,2253
651.01,2254
652.21,2255
652.61,2256
654.04,2257
654.11,2258
654.21,2259
654.23,2260
654.41,2261
654.51,2262
655.83,2263
656.11,2264
656.13,2265
656.41,2266
656.51,2267
656.71,2268
656.81,2269
657.01,2270
658.01,2271
658.11,2272
658.41,2273
659.11,2274
659.21,2275
659.51,2276
659.61,2277
659.71,2278
659.81,2279
660.01,2280
661.11,2281
661.21,2282
663.31,2283
664.01,2284
664.11,2285
664.21,2286
665.11,2287
665.31,2288
665.34,2289
665.41,2290
665.51,2291
665.72,2292
665.82,2293
666.02,2294
666.12,2295
666.14,2296
666.22,2297
666.24,2298
666.32,2299
666.34,2300
668.11,2301
669.21,2302
669.22,2303
669.24,2304
669.32,2305
669.34,2306
669.41,2307
669.42,2308
669.81,2309
670.02,2310
670.04,2311
671.42,2312
671.53,2313
671.54,2314
671.81,2315
672.02,2316
672.04,2317
673.11,2318
673.23,2319
673.24,2320
674.03,2321
674.04,2322
674.32,2323
674.34,2324
674.51,2325
674.54,2326
674.82,2327
674.84,2328
680.2,2329
681.00,2330
681.02,2331
681.10,2332
681.11,2333
682.0,2334
682.1,2335
682.2,2336
682.3,2337
682.4,2338
682.5,2339
682.6,2340
682.7,2341
682.8,2342
682.9,2343
683,2344
684,2345
685.1,2346
686.01,2347
686.09,2348
686.9,2349
690.10,2350
691.0,2351
691.8,2352
692.4,2353
692.6,2354
692.82,2355
692.9,2356
693.0,2357
693.1,2358
693.8,2359
694.5,2360
694.8,2361
695.1,2362
695.3,2363
695.4,2364
695.89,2365
695.9,2366
696.0,2367
696.1,2368
696.2,2369
696.3,2370
697.0,2371
698.3,2372
698.4,2373
698.9,2374
700,2375
701.0,2376
701.2,2377
701.5,2378
701.8,2379
701.9,2380
702.0,2381
702.19,2382
702.8,2383
703.8,2384
704.09,2385
704.1,2386
704.8,2387
705.1,2388
705.83,2389
706.1,2390
706.2,2391
707.0,2392
707.01,2393
707.02,2394
707.03,2395
707.04,2396
707.05,2397
707.06,2398
707.07,2399
707.09,2400
707.10,2401
707.11,2402
707.12,2403
707.13,2404
707.14,2405
707.15,2406
707.19,2407
707.8,2408
708.0,2409
708.3,2410
708.8,2411
708.9,2412
709.01,2413
709.09,2414
709.2,2415
709.3,2416
709.8,2417
709.9,2418
710.0,2419
710.1,2420
710.2,2421
710.3,2422
710.4,2423
710.5,2424
710.8,2425
710.9,2426
711.01,2427
711.02,2428
711.03,2429
711.05,2430
711.06,2431
711.07,2432
711.09,2433
711.55,2434
711.80,2435
712.13,2436
712.16,2437
712.30,2438
712.33,2439
712.35,2440
712.36,2441
712.38,2442
713.1,2443
713.5,2444
714.0,2445
714.30,2446
715.16,2447
715.31,2448
715.34,2449
715.35,2450
715.36,2451
715.89,2452
715.90,2453
715.91,2454
715.94,2455
715.95,2456
715.96,2457
715.98,2458
716.80,2459
716.90,2460
716.91,2461
716.93,2462
716.95,2463
716.96,2464
716.97,2465
716.98,2466
716.99,2467
717.6,2468
717.84,2469
718.15,2470
718.28,2471
718.31,2472
718.43,2473
718.44,2474
718.46,2475
718.47,2476
718.49,2477
718.87,2478
718.88,2479
718.95,2480
719.01,2481
719.03,2482
719.06,2483
719.07,2484
719.09,2485
719.16,2486
719.26,2487
719.41,2488
719.42,2489
719.43,2490
719.45,2491
719.46,2492
719.47,2493
719.49,2494
719.7,2495
719.86,2496
720.0,2497
720.2,2498
720.9,2499
721.0,2500
721.1,2501
721.2,2502
721.3,2503
721.41,2504
721.42,2505
721.7,2506
721.8,2507
721.90,2508
722.0,2509
722.10,2510
722.11,2511
722.4,2512
722.51,2513
722.52,2514
722.71,2515
722.72,2516
722.73,2517
722.83,2518
722.90,2519
722.91,2520
722.92,2521
722.93,2522
723.0,2523
723.1,2524
723.4,2525
723.5,2526
723.6,2527
723.7,2528
723.8,2529
724.00,2530
724.01,2531
724.02,2532
724.2,2533
724.3,2534
724.4,2535
724.5,2536
724.8,2537
724.9,2538
725,2539
726.0,2540
726.10,2541
726.11,2542
726.2,2543
726.33,2544
726.5,2545
726.60,2546
726.69,2547
726.90,2548
726.91,2549
727.00,2550
727.03,2551
727.05,2552
727.3,2553
727.40,2554
727.51,2555
727.61,2556
727.81,2557
728.0,2558
728.4,2559
728.6,2560
728.71,2561
728.84,2562
728.85,2563
728.86,2564
728.87,2565
728.88,2566
728.89,2567
728.9,2568
729.1,2569
729.2,2570
729.30,2571
729.39,2572
729.4,2573
729.5,2574
729.6,2575
729.71,2576
729.72,2577
729.73,2578
729.81,2579
729.82,2580
729.89,2581
729.9,2582
730.01,2583
730.04,2584
730.05,2585
730.07,2586
730.08,2587
730.09,2588
730.13,2589
730.15,2590
730.16,2591
730.17,2592
730.18,2593
730.19,2594
730.25,2595
730.26,2596
730.27,2597
730.28,2598
730.88,2599
731.0,2600
731.3,2601
731.8,2602
732.1,2603
732.5,2604
733.00,2605
733.02,2606
733.09,2607
733.11,2608
733.13,2609
733.14,2610
733.15,2611
733.16,2612
733.19,2613
733.20,2614
733.29,2615
733.42,2616
733.49,2617
733.6,2618
733.81,2619
733.82,2620
733.90,2621
733.99,2622
734,2623
735.0,2624
735.4,2625
735.8,2626
736.09,2627
736.29,2628
736.72,2629
736.79,2630
737.10,2631
737.12,2632
737.19,2633
737.22,2634
737.30,2635
737.34,2636
737.39,2637
737.41,2638
737.43,2639
738.19,2640
738.3,2641
738.4,2642
741.00,2643
741.01,2644
741.90,2645
742.0,2646
742.2,2647
742.3,2648
742.4,2649
742.9,2650
743.20,2651
743.61,2652
743.62,2653
743.65,2654
744.29,2655
745.0,2656
745.10,2657
745.12,2658
745.2,2659
745.4,2660
745.5,2661
745.60,2662
745.61,2663
745.69,2664
745.8,2665
746.01,2666
746.02,2667
746.09,2668
746.1,2669
746.2,2670
746.3,2671
746.4,2672
746.6,2673
746.7,2674
746.83,2675
746.84,2676
746.85,2677
746.86,2678
746.87,2679
746.89,2680
746.9,2681
747.0,2682
747.10,2683
747.11,2684
747.21,2685
747.22,2686
747.29,2687
747.3,2688
747.40,2689
747.41,2690
747.42,2691
747.49,2692
747.61,2693
747.62,2694
747.81,2695
747.83,2696
748.2,2697
748.3,2698
748.5,2699
748.60,2700
748.8,2701
749.00,2702
749.20,2703
749.23,2704
750.10,2705
750.3,2706
750.4,2707
750.9,2708
751.0,2709
751.1,2710
751.62,2711
751.69,2712
752.3,2713
752.51,2714
752.61,2715
752.63,2716
753.0,2717
753.10,2718
753.12,2719
753.13,2720
753.15,2721
753.19,2722
753.29,2723
753.3,2724
753.4,2725
753.6,2726
754.0,2727
754.2,2728
754.40,2729
754.61,2730
754.70,2731
754.82,2732
754.89,2733
755.26,2734
755.39,2735
755.50,2736
755.57,2737
755.59,2738
755.63,2739
755.64,2740
755.67,2741
756.0,2742
756.10,2743
756.14,2744
756.16,2745
756.19,2746
756.3,2747
756.4,2748
756.51,2749
756.6,2750
756.83,2751
756.89,2752
757.0,2753
757.2,2754
757.39,2755
758.0,2756
758.5,2757
758.6,2758
758.7,2759
758.89,2760
759.6,2761
759.81,2762
759.82,2763
759.83,2764
759.89,2765
760.2,2766
760.75,2767
760.79,2768
761.2,2769
761.7,2770
762.1,2771
762.3,2772
762.4,2773
762.5,2774
762.6,2775
762.7,2776
763.0,2777
763.1,2778
763.4,2779
763.82,2780
763.83,2781
764.01,2782
764.02,2783
764.03,2784
764.06,2785
764.07,2786
764.08,2787
764.92,2788
764.93,2789
764.98,2790
765.01,2791
765.02,2792
765.03,2793
765.04,2794
765.05,2795
765.06,2796
765.12,2797
765.13,2798
765.14,2799
765.15,2800
765.16,2801
765.17,2802
765.18,2803
765.19,2804
765.21,2805
765.22,2806
765.23,2807
765.24,2808
765.25,2809
765.26,2810
765.27,2811
765.28,2812
766.1,2813
766.21,2814
767.0,2815
767.11,2816
767.19,2817
767.2,2818
767.6,2819
767.8,2820
768.3,2821
768.5,2822
768.9,2823
769,2824
770.0,2825
770.1,2826
770.12,2827
770.16,2828
770.18,2829
770.2,2830
770.3,2831
770.4,2832
770.5,2833
770.6,2834
770.7,2835
770.8,2836
770.81,2837
770.82,2838
770.83,2839
770.84,2840
770.88,2841
770.89,2842
771.1,2843
771.4,2844
771.6,2845
771.7,2846
771.8,2847
771.81,2848
771.82,2849
771.83,2850
772.0,2851
772.10,2852
772.11,2853
772.12,2854
772.13,2855
772.14,2856
772.6,2857
772.8,2858
773.2,2859
774.2,2860
774.6,2861
775.4,2862
775.5,2863
775.6,2864
775.7,2865
775.8,2866
775.81,2867
775.89,2868
775.9,2869
776.1,2870
776.2,2871
776.4,2872
776.5,2873
776.6,2874
776.7,2875
777.1,2876
777.4,2877
777.5,2878
777.6,2879
777.8,2880
778.0,2881
778.3,2882
778.4,2883
778.6,2884
779.0,2885
779.2,2886
779.3,2887
779.5,2888
779.7,2889
779.8,2890
779.81,2891
779.85,2892
779.89,2893
780.01,2894
780.03,2895
780.09,2896
780.1,2897
780.2,2898
780.31,2899
780.39,2900
780.4,2901
780.50,2902
780.51,2903
780.52,2904
780.55,2905
780.57,2906
780.59,2907
780.6,2908
780.71,2909
780.79,2910
780.8,2911
780.9,2912
780.93,2913
780.96,2914
780.97,2915
780.99,2916
781.0,2917
781.1,2918
781.2,2919
781.3,2920
781.7,2921
781.8,2922
781.94,2923
781.99,2924
782.0,2925
782.1,2926
782.2,2927
782.3,2928
782.4,2929
782.5,2930
782.7,2931
783.0,2932
783.1,2933
783.21,2934
783.3,2935
783.40,2936
783.41,2937
783.5,2938
783.7,2939
784.0,2940
784.2,2941
784.3,2942
784.41,2943
784.49,2944
784.5,2945
784.69,2946
784.7,2947
785.0,2948
785.1,2949
785.2,2950
785.4,2951
785.50,2952
785.51,2953
785.52,2954
785.59,2955
785.6,2956
785.9,2957
786.01,2958
786.02,2959
786.03,2960
786.04,2961
786.05,2962
786.06,2963
786.07,2964
786.09,2965
786.1,2966
786.2,2967
786.3,2968
786.4,2969
786.50,2970
786.51,2971
786.52,2972
786.59,2973
786.6,2974
786.8,2975
787.01,2976
787.02,2977
787.03,2978
787.1,2979
787.2,2980
787.20,2981
787.21,2982
787.22,2983
787.23,2984
787.29,2985
787.3,2986
787.4,2987
787.6,2988
787.91,2989
788.1,2990
788.20,2991
788.21,2992
788.29,2993
788.30,2994
788.31,2995
788.37,2996
788.39,2997
788.41,2998
788.42,2999
788.5,3000
788.63,3001
788.69,3002
788.8,3003
789.00,3004
789.01,3005
789.02,3006
789.04,3007
789.05,3008
789.06,3009
789.07,3010
789.09,3011
789.1,3012
789.2,3013
789.30,3014
789.33,3015
789.39,3016
789.40,3017
789.5,3018
789.51,3019
789.59,3020
790.01,3021
790.09,3022
790.1,3023
790.2,3024
790.22,3025
790.29,3026
790.4,3027
790.5,3028
790.6,3029
790.7,3030
790.8,3031
790.92,3032
790.93,3033
790.94,3034
790.99,3035
791.0,3036
791.2,3037
791.3,3038
791.6,3039
791.9,3040
792.1,3041
792.9,3042
793.0,3043
793.1,3044
793.2,3045
793.3,3046
793.4,3047
793.5,3048
793.7,3049
793.80,3050
794.00,3051
794.02,3052
794.09,3053
794.2,3054
794.31,3055
794.39,3056
794.4,3057
794.5,3058
794.8,3059
794.9,3060
795.09,3061
795.5,3062
795.79,3063
795.89,3064
796.0,3065
796.2,3066
796.3,3067
796.4,3068
799.0,3069
799.02,3070
799.1,3071
799.3,3072
799.4,3073
799.89,3074
800.00,3075
800.01,3076
800.06,3077
800.09,3078
800.10,3079
800.12,3080
800.15,3081
800.16,3082
800.20,3083
800.21,3084
800.22,3085
800.23,3086
800.24,3087
800.25,3088
800.26,3089
800.29,3090
800.30,3091
800.31,3092
800.35,3093
800.61,3094
800.70,3095
800.71,3096
800.76,3097
800.82,3098
800.85,3099
801.00,3100
801.01,3101
801.02,3102
801.05,3103
801.06,3104
801.09,3105
801.10,3106
801.11,3107
801.12,3108
801.14,3109
801.15,3110
801.16,3111
801.20,3112
801.21,3113
801.22,3114
801.24,3115
801.25,3116
801.26,3117
801.30,3118
801.31,3119
801.32,3120
801.35,3121
801.36,3122
801.40,3123
801.41,3124
801.42,3125
801.45,3126
801.51,3127
801.52,3128
801.60,3129
801.64,3130
801.65,3131
801.72,3132
801.74,3133
801.75,3134
801.76,3135
801.82,3136
801.96,3137
802.0,3138
802.1,3139
802.20,3140
802.21,3141
802.22,3142
802.23,3143
802.24,3144
802.25,3145
802.26,3146
802.27,3147
802.28,3148
802.29,3149
802.32,3150
802.35,3151
802.36,3152
802.38,3153
802.39,3154
802.4,3155
802.5,3156
802.6,3157
802.7,3158
802.8,3159
802.9,3160
803.00,3161
803.01,3162
803.06,3163
803.11,3164
803.12,3165
803.15,3166
803.16,3167
803.20,3168
803.21,3169
803.22,3170
803.24,3171
803.25,3172
803.26,3173
803.32,3174
803.36,3175
803.41,3176
803.50,3177
803.60,3178
803.75,3179
804.00,3180
804.10,3181
804.20,3182
804.21,3183
804.22,3184
804.23,3185
804.25,3186
804.26,3187
804.30,3188
804.35,3189
804.36,3190
804.41,3191
804.66,3192
804.70,3193
804.73,3194
804.75,3195
804.76,3196
804.85,3197
805.00,3198
805.01,3199
805.02,3200
805.03,3201
805.04,3202
805.05,3203
805.06,3204
805.07,3205
805.08,3206
805.2,3207
805.4,3208
805.6,3209
805.8,3210
806.00,3211
806.01,3212
806.02,3213
806.03,3214
806.04,3215
806.05,3216
806.06,3217
806.07,3218
806.08,3219
806.09,3220
806.16,3221
806.20,3222
806.21,3223
806.22,3224
806.23,3225
806.24,3226
806.25,3227
806.26,3228
806.29,3229
806.31,3230
806.39,3231
806.4,3232
806.5,3233
806.60,3234
806.8,3235
807.00,3236
807.01,3237
807.02,3238
807.03,3239
807.04,3240
807.05,3241
807.06,3242
807.07,3243
807.08,3244
807.09,3245
807.10,3246
807.2,3247
807.3,3248
807.4,3249
807.5,3250
807.6,3251
808.0,3252
808.1,3253
808.2,3254
808.3,3255
808.41,3256
808.42,3257
808.43,3258
808.49,3259
808.51,3260
808.53,3261
808.8,3262
808.9,3263
810.00,3264
810.01,3265
810.02,3266
810.03,3267
810.10,3268
810.13,3269
811.00,3270
811.01,3271
811.02,3272
811.03,3273
811.09,3274
811.10,3275
812.00,3276
812.01,3277
812.02,3278
812.03,3279
812.09,3280
812.10,3281
812.12,3282
812.19,3283
812.20,3284
812.21,3285
812.30,3286
812.31,3287
812.40,3288
812.41,3289
812.42,3290
812.43,3291
812.44,3292
812.49,3293
812.50,3294
812.51,3295
812.52,3296
812.59,3297
813.01,3298
813.02,3299
813.03,3300
813.05,3301
813.07,3302
813.08,3303
813.11,3304
813.18,3305
813.21,3306
813.22,3307
813.23,3308
813.31,3309
813.32,3310
813.33,3311
813.41,3312
813.42,3313
813.43,3314
813.44,3315
813.51,3316
813.52,3317
813.54,3318
813.81,3319
813.82,3320
813.83,3321
813.91,3322
813.92,3323
813.93,3324
814.00,3325
814.01,3326
814.02,3327
814.05,3328
814.06,3329
814.07,3330
814.08,3331
814.09,3332
814.12,3333
814.18,3334
814.19,3335
815.00,3336
815.01,3337
815.02,3338
815.03,3339
815.04,3340
815.09,3341
815.10,3342
815.11,3343
815.12,3344
815.13,3345
815.14,3346
815.19,3347
816.00,3348
816.01,3349
816.02,3350
816.11,3351
816.12,3352
817.0,3353
820.01,3354
820.02,3355
820.03,3356
820.09,3357
820.20,3358
820.21,3359
820.22,3360
820.32,3361
820.8,3362
820.9,3363
821.00,3364
821.01,3365
821.10,3366
821.11,3367
821.20,3368
821.21,3369
821.22,3370
821.23,3371
821.29,3372
821.30,3373
821.31,3374
821.32,3375
821.33,3376
821.39,3377
822.0,3378
822.1,3379
823.00,3380
823.01,3381
823.02,3382
823.10,3383
823.12,3384
823.20,3385
823.21,3386
823.22,3387
823.30,3388
823.32,3389
823.42,3390
823.80,3391
823.81,3392
823.82,3393
823.90,3394
823.92,3395
824.0,3396
824.1,3397
824.2,3398
824.3,3399
824.4,3400
824.5,3401
824.6,3402
824.7,3403
824.8,3404
824.9,3405
825.0,3406
825.1,3407
825.21,3408
825.22,3409
825.23,3410
825.25,3411
825.29,3412
825.31,3413
825.35,3414
826.0,3415
826.1,3416
828.1,3417
830.0,3418
831.00,3419
831.01,3420
831.03,3421
831.04,3422
831.09,3423
832.00,3424
832.02,3425
832.09,3426
833.02,3427
833.11,3428
834.02,3429
835.00,3430
835.01,3431
836.0,3432
836.1,3433
836.3,3434
836.50,3435
836.51,3436
836.52,3437
836.61,3438
837.1,3439
838.05,3440
838.09,3441
839.00,3442
839.01,3443
839.02,3444
839.03,3445
839.04,3446
839.05,3447
839.06,3448
839.08,3449
839.20,3450
839.42,3451
839.61,3452
840.4,3453
840.8,3454
840.9,3455
841.1,3456
842.00,3457
842.09,3458
842.13,3459
843.9,3460
844.0,3461
844.1,3462
844.2,3463
844.8,3464
844.9,3465
845.00,3466
845.03,3467
846.0,3468
847.0,3469
847.1,3470
847.2,3471
850.0,3472
850.1,3473
850.11,3474
850.2,3475
850.4,3476
850.5,3477
850.9,3478
851.00,3479
851.01,3480
851.02,3481
851.05,3482
851.06,3483
851.09,3484
851.25,3485
851.31,3486
851.35,3487
851.40,3488
851.41,3489
851.42,3490
851.44,3491
851.45,3492
851.46,3493
851.73,3494
851.75,3495
851.80,3496
851.81,3497
851.82,3498
851.84,3499
851.85,3500
851.86,3501
851.89,3502
851.90,3503
852.00,3504
852.01,3505
852.02,3506
852.05,3507
852.06,3508
852.09,3509
852.12,3510
852.15,3511
852.19,3512
852.20,3513
852.21,3514
852.22,3515
852.25,3516
852.26,3517
852.31,3518
852.39,3519
852.40,3520
852.41,3521
852.42,3522
852.46,3523
853.00,3524
853.01,3525
853.02,3526
853.04,3527
853.05,3528
853.06,3529
853.09,3530
853.10,3531
853.14,3532
854.00,3533
854.02,3534
854.03,3535
854.05,3536
854.06,3537
860.0,3538
860.1,3539
860.2,3540
860.3,3541
860.4,3542
860.5,3543
861.00,3544
861.01,3545
861.02,3546
861.03,3547
861.10,3548
861.12,3549
861.13,3550
861.20,3551
861.21,3552
861.22,3553
861.30,3554
861.31,3555
861.32,3556
862.0,3557
862.1,3558
862.22,3559
862.29,3560
862.32,3561
862.39,3562
862.9,3563
863.0,3564
863.1,3565
863.20,3566
863.21,3567
863.29,3568
863.30,3569
863.31,3570
863.39,3571
863.40,3572
863.42,3573
863.43,3574
863.44,3575
863.45,3576
863.49,3577
863.50,3578
863.52,3579
863.53,3580
863.54,3581
863.55,3582
863.81,3583
863.89,3584
863.93,3585
863.99,3586
864.00,3587
864.01,3588
864.02,3589
864.03,3590
864.04,3591
864.05,3592
864.09,3593
864.11,3594
864.12,3595
864.13,3596
864.14,3597
864.15,3598
864.19,3599
865.00,3600
865.01,3601
865.02,3602
865.03,3603
865.04,3604
865.09,3605
865.11,3606
865.12,3607
865.13,3608
865.14,3609
866.00,3610
866.01,3611
866.02,3612
866.03,3613
866.10,3614
866.11,3615
866.12,3616
866.13,3617
867.0,3618
867.1,3619
867.2,3620
867.6,3621
867.8,3622
867.9,3623
868.01,3624
868.02,3625
868.03,3626
868.04,3627
868.09,3628
868.10,3629
868.11,3630
868.12,3631
868.13,3632
868.14,3633
868.19,3634
869.0,3635
870.0,3636
870.1,3637
870.2,3638
870.3,3639
870.8,3640
870.9,3641
871.1,3642
871.2,3643
871.3,3644
871.6,3645
872.00,3646
872.01,3647
872.02,3648
872.61,3649
872.69,3650
872.8,3651
873.0,3652
873.1,3653
873.20,3654
873.21,3655
873.22,3656
873.30,3657
873.40,3658
873.41,3659
873.42,3660
873.43,3661
873.44,3662
873.49,3663
873.51,3664
873.52,3665
873.53,3666
873.54,3667
873.59,3668
873.61,3669
873.63,3670
873.64,3671
873.65,3672
873.71,3673
873.73,3674
873.74,3675
873.8,3676
873.9,3677
874.02,3678
874.11,3679
874.12,3680
874.2,3681
874.4,3682
874.8,3683
874.9,3684
875.0,3685
875.1,3686
876.0,3687
876.1,3688
877.0,3689
878.2,3690
878.5,3691
878.6,3692
878.7,3693
879.0,3694
879.1,3695
879.2,3696
879.3,3697
879.4,3698
879.5,3699
879.6,3700
879.7,3701
879.8,3702
879.9,3703
880.00,3704
880.01,3705
880.02,3706
880.03,3707
880.12,3708
880.13,3709
880.19,3710
880.23,3711
881.00,3712
881.01,3713
881.02,3714
881.10,3715
881.11,3716
881.12,3717
881.20,3718
881.21,3719
881.22,3720
882.0,3721
882.1,3722
882.2,3723
883.0,3724
883.1,3725
883.2,3726
884.0,3727
885.0,3728
885.1,3729
886.0,3730
887.0,3731
887.1,3732
887.2,3733
887.3,3734
887.5,3735
890.0,3736
890.1,3737
891.0,3738
891.1,3739
891.2,3740
892.0,3741
892.1,3742
892.2,3743
896.0,3744
897.0,3745
897.2,3746
897.3,3747
897.7,3748
900.01,3749
900.02,3750
900.03,3751
900.1,3752
900.81,3753
900.82,3754
900.89,3755
900.9,3756
901.0,3757
901.1,3758
901.2,3759
901.3,3760
901.40,3761
901.41,3762
901.82,3763
901.9,3764
902.0,3765
902.20,3766
902.21,3767
902.22,3768
902.26,3769
902.29,3770
902.33,3771
902.34,3772
902.41,3773
902.51,3774
902.53,3775
902.54,3776
902.87,3777
902.89,3778
902.9,3779
903.01,3780
903.1,3781
903.2,3782
903.3,3783
903.4,3784
903.5,3785
903.8,3786
903.9,3787
904.0,3788
904.1,3789
904.2,3790
904.3,3791
904.41,3792
904.42,3793
904.53,3794
904.7,3795
904.8,3796
905.0,3797
905.1,3798
905.3,3799
905.4,3800
905.5,3801
906.8,3802
907.0,3803
907.2,3804
908.1,3805
908.9,3806
909.2,3807
909.4,3808
910.0,3809
910.8,3810
911.0,3811
911.2,3812
912.0,3813
913.0,3814
914.0,3815
914.2,3816
914.9,3817
916.0,3818
917.1,3819
918.1,3820
919.0,3821
919.8,3822
920,3823
921.0,3824
921.1,3825
921.2,3826
921.3,3827
921.9,3828
922.1,3829
922.2,3830
922.31,3831
922.32,3832
922.4,3833
922.8,3834
923.00,3835
923.01,3836
923.03,3837
923.10,3838
923.20,3839
923.3,3840
924.00,3841
924.01,3842
924.10,3843
924.11,3844
924.21,3845
924.8,3846
924.9,3847
926.19,3848
927.10,3849
927.20,3850
927.3,3851
927.8,3852
928.01,3853
928.10,3854
928.20,3855
930.1,3856
930.8,3857
933.0,3858
933.1,3859
934.0,3860
934.1,3861
934.8,3862
934.9,3863
935.1,3864
935.2,3865
936,3866
938,3867
939.2,3868
941.27,3869
941.28,3870
942.04,3871
942.14,3872
942.24,3873
944.20,3874
944.26,3875
945.22,3876
945.32,3877
945.34,3878
945.36,3879
946.2,3880
947.1,3881
948.00,3882
948.40,3883
950.0,3884
950.9,3885
951.0,3886
951.3,3887
951.4,3888
952.00,3889
952.02,3890
952.03,3891
952.04,3892
952.05,3893
952.06,3894
952.08,3895
952.09,3896
952.8,3897
952.9,3898
953.4,3899
953.9,3900
955.1,3901
955.2,3902
955.3,3903
955.5,3904
955.7,3905
955.8,3906
956.1,3907
956.2,3908
956.3,3909
956.9,3910
957.0,3911
957.1,3912
957.9,3913
958.0,3914
958.1,3915
958.2,3916
958.3,3917
958.4,3918
958.7,3919
958.8,3920
958.91,3921
958.92,3922
958.93,3923
958.99,3924
959.01,3925
959.09,3926
959.11,3927
959.12,3928
959.14,3929
959.3,3930
959.7,3931
959.8,3932
959.9,3933
960.4,3934
960.5,3935
962.3,3936
962.7,3937
963.0,3938
963.1,3939
965.00,3940
965.01,3941
965.02,3942
965.09,3943
965.1,3944
965.4,3945
965.61,3946
965.8,3947
966.1,3948
966.3,3949
966.4,3950
967.0,3951
967.1,3952
967.8,3953
967.9,3954
968.0,3955
968.4,3956
968.5,3957
969.0,3958
969.1,3959
969.3,3960
969.4,3961
969.5,3962
969.6,3963
969.7,3964
969.8,3965
970.1,3966
970.8,3967
971.2,3968
971.3,3969
972.0,3970
972.1,3971
972.2,3972
972.4,3973
972.6,3974
972.9,3975
975.2,3976
975.3,3977
975.4,3978
976.7,3979
977.8,3980
980.0,3981
980.9,3982
982.8,3983
983.9,3984
985.8,3985
986,3986
987.8,3987
988.1,3988
989.3,3989
989.5,3990
989.89,3991
989.9,3992
990,3993
991.1,3994
991.2,3995
991.3,3996
991.6,3997
992.0,3998
994.1,3999
994.2,4000
994.7,4001
994.8,4002
995.0,4003
995.1,4004
995.27,4005
995.29,4006
995.64,4007
995.80,4008
995.89,4009
995.90,4010
995.91,4011
995.92,4012
995.93,4013
995.94,4014
996.01,4015
996.02,4016
996.03,4017
996.04,4018
996.09,4019
996.1,4020
996.2,4021
996.31,4022
996.39,4023
996.4,4024
996.40,4025
996.42,4026
996.44,4027
996.47,4028
996.49,4029
996.52,4030
996.53,4031
996.54,4032
996.56,4033
996.57,4034
996.59,4035
996.61,4036
996.62,4037
996.63,4038
996.64,4039
996.65,4040
996.66,4041
996.67,4042
996.68,4043
996.69,4044
996.71,4045
996.72,4046
996.73,4047
996.74,4048
996.75,4049
996.76,4050
996.78,4051
996.79,4052
996.81,4053
996.82,4054
996.84,4055
996.85,4056
996.86,4057
996.89,4058
996.93,4059
997.01,4060
997.02,4061
997.09,4062
997.1,4063
997.2,4064
997.3,4065
997.4,4066
997.5,4067
997.62,4068
997.69,4069
997.71,4070
997.72,4071
997.79,4072
997.91,4073
997.99,4074
998.0,4075
998.11,4076
998.12,4077
998.13,4078
998.2,4079
998.3,4080
998.31,4081
998.32,4082
998.4,4083
998.51,4084
998.59,4085
998.6,4086
998.81,4087
998.83,4088
998.89,4089
998.9,4090
999.1,4091
999.2,4092
999.3,4093
999.31,4094
999.39,4095
999.6,4096
999.8,4097
999.9,4098
E800.2,4099
E801.2,4100
E804.2,4101
E811.0,4102
E812.0,4103
E812.1,4104
E812.2,4105
E812.3,4106
E812.6,4107
E812.7,4108
E812.9,4109
E813.0,4110
E813.1,4111
E813.2,4112
E813.6,4113
E814.0,4114
E814.1,4115
E814.6,4116
E814.7,4117
E815.0,4118
E815.1,4119
E815.2,4120
E815.6,4121
E816.0,4122
E816.1,4123
E816.2,4124
E816.3,4125
E817.1,4126
E818.0,4127
E818.1,4128
E818.7,4129
E819.0,4130
E819.1,4131
E819.2,4132
E819.3,4133
E819.7,4134
E821.0,4135
E821.1,4136
E821.7,4137
E822.7,4138
E822.8,4139
E823.0,4140
E823.1,4141
E823.2,4142
E823.3,4143
E823.7,4144
E823.8,4145
E825.0,4146
E825.1,4147
E825.2,4148
E825.7,4149
E826.0,4150
E826.1,4151
E828.2,4152
E829.8,4153
E831.1,4154
E831.8,4155
E834.1,4156
E834.8,4157
E840.5,4158
E841.5,4159
E848,4160
E849.0,4161
E849.3,4162
E849.4,4163
E849.5,4164
E849.6,4165
E849.7,4166
E849.8,4167
E849.9,4168
E850.0,4169
E850.1,4170
E850.2,4171
E850.4,4172
E850.8,4173
E852.8,4174
E852.9,4175
E853.2,4176
E853.8,4177
E854.0,4178
E854.1,4179
E854.2,4180
E854.3,4181
E854.8,4182
E855.0,4183
E855.2,4184
E855.5,4185
E855.6,4186
E858.0,4187
E858.1,4188
E858.3,4189
E860.0,4190
E860.9,4191
E861.3,4192
E862.4,4193
E865.4,4194
E865.5,4195
E866.8,4196
E869.8,4197
E870.0,4198
E870.2,4199
E870.4,4200
E870.5,4201
E870.6,4202
E870.8,4203
E871.4,4204
E871.6,4205
E871.7,4206
E871.8,4207
E874.4,4208
E876.4,4209
E876.8,4210
E878.0,4211
E878.1,4212
E878.2,4213
E878.3,4214
E878.4,4215
E878.5,4216
E878.6,4217
E878.8,4218
E878.9,4219
E879.0,4220
E879.1,4221
E879.2,4222
E879.3,4223
E879.4,4224
E879.6,4225
E879.7,4226
E879.8,4227
E879.9,4228
E880.0,4229
E880.1,4230
E880.9,4231
E881.0,4232
E881.1,4233
E882,4234
E883.0,4235
E884.0,4236
E884.1,4237
E884.2,4238
E884.3,4239
E884.4,4240
E884.5,4241
E884.6,4242
E884.9,4243
E885.1,4244
E885.2,4245
E885.4,4246
E885.9,4247
E887,4248
E888,4249
E888.0,4250
E888.1,4251
E888.8,4252
E888.9,4253
E891.8,4254
E901.0,4255
E901.8,4256
E901.9,4257
E905.3,4258
E906.8,4259
E908.1,4260
E910.2,4261
E910.8,4262
E910.9,4263
E911,4264
E912,4265
E915,4266
E916,4267
E917.0,4268
E917.3,4269
E917.4,4270
E917.5,4271
E917.7,4272
E917.8,4273
E917.9,4274
E918,4275
E919.0,4276
E919.2,4277
E919.3,4278
E919.4,4279
E919.6,4280
E919.8,4281
E920.1,4282
E920.8,4283
E922.0,4284
E922.5,4285
E922.9,4286
E924.1,4287
E924.8,4288
E924.9,4289
E927,4290
E928.3,4291
E928.8,4292
E928.9,4293
E929.0,4294
E929.3,4295
E929.8,4296
E929.9,4297
E930.0,4298
E930.1,4299
E930.3,4300
E930.5,4301
E930.7,4302
E930.8,4303
E930.9,4304
E931.0,4305
E931.3,4306
E931.4,4307
E931.5,4308
E931.7,4309
E931.8,4310
E931.9,4311
E932.0,4312
E932.2,4313
E932.3,4314
E932.5,4315
E932.8,4316
E933.0,4317
E933.1,4318
E933.8,4319
E934.2,4320
E934.4,4321
E934.5,4322
E934.6,4323
E934.7,4324
E934.8,4325
E935.1,4326
E935.2,4327
E935.3,4328
E935.4,4329
E935.6,4330
E935.8,4331
E935.9,4332
E936.0,4333
E936.1,4334
E936.3,4335
E936.4,4336
E937.0,4337
E937.8,4338
E937.9,4339
E938.0,4340
E938.3,4341
E938.4,4342
E938.7,4343
E938.9,4344
E939.0,4345
E939.1,4346
E939.2,4347
E939.3,4348
E939.4,4349
E939.7,4350
E939.8,4351
E940.8,4352
E941.0,4353
E941.1,4354
E941.2,4355
E941.3,4356
E942.0,4357
E942.1,4358
E942.2,4359
E942.4,4360
E942.5,4361
E942.6,4362
E942.9,4363
E944.3,4364
E944.4,4365
E944.5,4366
E944.7,4367
E945.2,4368
E945.7,4369
E947.1,4370
E947.8,4371
E947.9,4372
E949.6,4373
E949.9,4374
E950.0,4375
E950.1,4376
E950.2,4377
E950.3,4378
E950.4,4379
E950.6,4380
E950.7,4381
E950.9,4382
E953.0,4383
E953.8,4384
E954,4385
E955.0,4386
E955.4,4387
E955.9,4388
E956,4389
E957.0,4390
E957.1,4391
E957.2,4392
E957.9,4393
E958.0,4394
E958.1,4395
E958.5,4396
E958.8,4397
E958.9,4398
E960.0,4399
E962.0,4400
E963,4401
E964,4402
E965.0,4403
E965.1,4404
E965.4,4405
E965.9,4406
E966,4407
E967.3,4408
E967.4,4409
E968.2,4410
E968.7,4411
E968.8,4412
E968.9,4413
E969,4414
E970,4415
E980.0,4416
E980.3,4417
E980.4,4418
E980.9,4419
E985.0,4420
E986,4421
E987.1,4422
E988.1,4423
E988.8,4424
E988.9,4425
E989,4426
V01.1,4427
V01.7,4428
V01.79,4429
V01.89,4430
V02.3,4431
V02.51,4432
V02.59,4433
V02.61,4434
V02.62,4435
V03.81,4436
V03.82,4437
V04.81,4438
V04.82,4439
V05.3,4440
V05.8,4441
V06.1,4442
V06.3,4443
V06.6,4444
V06.8,4445
V07.1,4446
V08,4447
V09.0,4448
V09.71,4449
V09.80,4450
V09.81,4451
V09.91,4452
V10.00,4453
V10.01,4454
V10.02,4455
V10.03,4456
V10.04,4457
V10.05,4458
V10.06,4459
V10.07,4460
V10.09,4461
V10.11,4462
V10.12,4463
V10.20,4464
V10.21,4465
V10.29,4466
V10.3,4467
V10.41,4468
V10.42,4469
V10.43,4470
V10.44,4471
V10.46,4472
V10.47,4473
V10.49,4474
V10.51,4475
V10.52,4476
V10.53,4477
V10.60,4478
V10.61,4479
V10.62,4480
V10.69,4481
V10.72,4482
V10.79,4483
V10.81,4484
V10.82,4485
V10.83,4486
V10.84,4487
V10.85,4488
V10.87,4489
V10.88,4490
V10.89,4491
V10.9,4492
V11.0,4493
V11.1,4494
V11.3,4495
V11.8,4496
V12.01,4497
V12.02,4498
V12.03,4499
V12.09,4500
V12.41,4501
V12.42,4502
V12.50,4503
V12.51,4504
V12.52,4505
V12.53,4506
V12.54,4507
V12.59,4508
V12.71,4509
V12.72,4510
V12.79,4511
V13.01,4512
V13.02,4513
V13.09,4514
V13.5,4515
V13.69,4516
V14.0,4517
V14.2,4518
V14.5,4519
V14.6,4520
V14.8,4521
V15.02,4522
V15.07,4523
V15.08,4524
V15.09,4525
V15.1,4526
V15.2,4527
V15.3,4528
V15.41,4529
V15.5,4530
V15.81,4531
V15.82,4532
V15.84,4533
V15.86,4534
V15.88,4535
V15.89,4536
V16.0,4537
V16.1,4538
V16.2,4539
V16.3,4540
V16.41,4541
V16.42,4542
V16.49,4543
V16.59,4544
V16.6,4545
V16.7,4546
V16.8,4547
V16.9,4548
V17.0,4549
V17.1,4550
V17.3,4551
V17.4,4552
V17.49,4553
V17.5,4554
V18.0,4555
V18.1,4556
V18.19,4557
V18.2,4558
V18.59,4559
V18.69,4560
V18.9,4561
V19.5,4562
V19.8,4563
V22.2,4564
V23.0,4565
V23.9,4566
V25.2,4567
V26.52,4568
V27.0,4569
V27.1,4570
V27.2,4571
V27.4,4572
V29.0,4573
V29.3,4574
V30.00,4575
V30.01,4576
V30.1,4577
V31.00,4578
V31.01,4579
V34.01,4580
V40.3,4581
V42.0,4582
V42.1,4583
V42.2,4584
V42.5,4585
V42.7,4586
V42.81,4587
V42.82,4588
V42.83,4589
V42.84,4590
V42.89,4591
V43.1,4592
V43.3,4593
V43.4,4594
V43.61,4595
V43.64,4596
V43.65,4597
V43.82,4598
V44.0,4599
V44.1,4600
V44.2,4601
V44.3,4602
V44.4,4603
V44.50,4604
V44.59,4605
V44.6,4606
V44.9,4607
V45.01,4608
V45.02,4609
V45.09,4610
V45.1,4611
V45.2,4612
V45.3,4613
V45.4,4614
V45.61,4615
V45.71,4616
V45.72,4617
V45.73,4618
V45.76,4619
V45.77,4620
V45.78,4621
V45.79,4622
V45.81,4623
V45.82,4624
V45.85,4625
V45.86,4626
V45.89,4627
V46.1,4628
V46.11,4629
V46.2,4630
V46.8,4631
V46.9,4632
V49.60,4633
V49.62,4634
V49.65,4635
V49.71,4636
V49.72,4637
V49.73,4638
V49.75,4639
V49.76,4640
V49.81,4641
V49.83,4642
V49.84,4643
V50.2,4644
V50.41,4645
V53.09,4646
V53.31,4647
V53.32,4648
V53.39,4649
V53.91,4650
V54.01,4651
V54.12,4652
V54.13,4653
V54.15,4654
V54.16,4655
V54.17,4656
V54.19,4657
V54.26,4658
V54.81,4659
V54.89,4660
V55.0,4661
V55.1,4662
V55.2,4663
V55.3,4664
V55.4,4665
V55.5,4666
V55.6,4667
V55.8,4668
V56.0,4669
V56.1,4670
V58.1,4671
V58.11,4672
V58.12,4673
V58.3,4674
V58.43,4675
V58.61,4676
V58.62,4677
V58.63,4678
V58.65,4679
V58.66,4680
V58.67,4681
V58.69,4682
V58.73,4683
V58.81,4684
V58.83,4685
V59.6,4686
V60.0,4687
V61.0,4688
V61.10,4689
V61.11,4690
V61.8,4691
V62.0,4692
V62.4,4693
V62.5,4694
V62.6,4695
V62.82,4696
V62.84,4697
V62.89,4698
V63.2,4699
V63.8,4700
V64.1,4701
V64.2,4702
V64.3,4703
V64.4,4704
V64.41,4705
V64.42,4706
V65.2,4707
V65.49,4708
V66.7,4709
V69.4,4710
V70.7,4711
V70.8,4712
V71.4,4713
V71.6,4714
V72.1,4715
V72.81,4716
V84.01,4717
V85.0,4718
V85.1,4719
V85.22,4720
V85.23,4721
V85.24,4722
V85.32,4723
V85.37,4724
V85.4,4725
